,image,price,deal,title,shop,location
0,0,0,0,0,0,0
0,//g-search1.alicdn.com/img/bao/uploaded/i4/imgextra/i1/165110098/TB2OxkBnfImBKNjSZFlXXc43FXa_!!0-saturn_solar.jpg_360x360Q90.jpg_.webp,"¥
18.80",5,淘乐重庆特产麻辣500g包邮美味休闲小吃豆干散装零食多口味豆腐干,淘乐食品铺,重庆
0,//g-search1.alicdn.com/img/bao/uploaded/i4/imgextra/i2/44254182/TB2OvNQcNrI8KJjy0FpXXb5hVXa_!!0-saturn_solar.jpg_360x360Q90.jpg_.webp,"¥
25.90",438,祥禾饽饽铺人气传统麻酱酥 手工小吃饼干 超赞花生酥 芝麻酥500g,祥禾饽饽铺,天津
0,//g-search1.alicdn.com/img/bao/uploaded/i4/imgextra/i4/127719501/TB2NeQFEFOWBuNjy0FiXXXFxVXa_!!0-saturn_solar.jpg_360x360Q90.jpg_.webp,"¥
28.80",241,麻爪爪 辣子鸡零食袋装100*2香辣味重庆特产卤肉熟食即食小吃零食,麻爪爪旗舰店,重庆
0,//g-search2.alicdn.com/img/bao/uploaded/i4/i2/828000389/TB2Kildk9_I8KJjy0FoXXaFnVXa_!!828000389.jpg_360x360Q90.jpg_.webp,"¥
38.00",555,"正宗鲍师傅肉松小贝 海苔酥松小贝 肉松蛋糕鲍师傅糕点 南京
美食",沧澜流转,江苏 南京
0,//g-search1.alicdn.com/img/bao/uploaded/i4/i2/1668473661/TB2IBfAH7yWBuNjy0FpXXassXXa_!!1668473661-0-item_pic.jpg_360x360Q90.jpg_.webp,"¥
88.00",498,"宫御坊老北京特产京八件大礼包送礼团购礼盒
美食
小零食品糕点果脯",宫御坊旗舰店,北京
0,//g-search3.alicdn.com/img/bao/uploaded/i4/i3/3078770661/TB2uw4VpByWBuNkSmFPXXXguVXa_!!3078770661-0-item_pic.jpg_360x360Q90.jpg_.webp,"¥
17.80",1112,"正宗黄山薄脆烧饼3袋39个 安徽梅干扣菜肉酥饼特产小吃
美食
糕点心",徽韵棠旗舰店,安徽 黄山
0,//g-search3.alicdn.com/img/bao/uploaded/i4/i2/1668473661/TB1r1S7A49YBuNjy0FfXXXIsVXa_!!0-item_pic.jpg_360x360Q90.jpg_.webp,"¥
22.80",2237,"宫御坊老北京特产大礼包京八件礼盒零食小吃
美食
驴打滚果脯龙须酥",宫御坊旗舰店,北京
0,//g-search3.alicdn.com/img/bao/uploaded/i4/i2/2102198181/TB2MDSynEOWBKNjSZKzXXXfWFXa_!!2102198181-0-item_pic.jpg_360x360Q90.jpg_.webp,"¥
58.00",774,"正宗上海特产老城隍庙字号传统糕点心礼盒小吃零食大礼包送礼
美食",萃香集食品专营店,上海
0,//g-search2.alicdn.com/img/bao/uploaded/i4/i2/736064771/TB2kZU1g9MmBKNjSZTEXXasKpXa_!!736064771-0-item_pic.jpg_360x360Q90.jpg_.webp,"¥
76.80",1696,"夏季凉拌菜零食礼包五香酱牛肉黄牛肉卤牛肉百家兴
美食
熟食四大袋",佳旭食品专营店,安徽 宣城
0,//g-search1.alicdn.com/img/bao/uploaded/i4/i3/693104145/TB2EKDfqKuSBuNjSsziXXbq8pXa_!!693104145.jpg_360x360Q90.jpg_.webp,"¥
38.89",583,"芝麻大烤馕250g*5个真空装新疆清真
美食
糕点干粮小吃早餐点心囊饼",yuxiaoqian6,新疆 乌鲁木齐
0,//g-search3.alicdn.com/img/bao/uploaded/i4/i3/1762440164/TB2DlwMcVmWBuNjSspdXXbugXXa_!!1762440164.jpg_360x360Q90.jpg_.webp,"¥
30.80",34,"爱乡亲肉松饼福建特产
美食
茶糕点心早餐零食小吃零食品1000g",爱乡亲工厂店,福建 泉州
0,//g-search3.alicdn.com/img/bao/uploaded/i4/i3/3017400344/TB2npLmXcXIxuRkSRTgXXbWhXXa_!!3017400344-0-item_pic.jpg_360x360Q90.jpg_.webp,"¥
134.10",5245,"七夕送礼 好欢螺螺蛳粉柳州螺狮粉特产
美食
螺丝粉400g*10袋 包邮",好欢螺旗舰店,广西 柳州
0,//g-search2.alicdn.com/img/bao/uploaded/i4/i4/3282604381/TB2x9phnvImBKNjSZFlXXc43FXa_!!3282604381-0-item_pic.jpg_360x360Q90.jpg_.webp,"¥
155.00",79,"轩妈中秋零食大礼包1060g 蛋黄酥雪媚娘麻薯糕点
美食
点心早餐送礼",轩妈食品旗舰店,广西 南宁
0,//g-search3.alicdn.com/img/bao/uploaded/i4/i1/3282604381/TB2pHETnnqWBKNjSZFAXXanSpXa_!!3282604381-0-item_pic.jpg_360x360Q90.jpg_.webp,"¥
29.00",10020,"轩妈家蛋黄酥20g*8枚/盒 红豆味迷你mini儿童蛋黄酥糕点点心
美食",轩妈食品旗舰店,广西 南宁
0,//g-search2.alicdn.com/img/bao/uploaded/i4/i4/2176985097/TB2iFDAFb1YBuNjSszeXXablFXa_!!2176985097-0-item_pic.jpg_360x360Q90.jpg_.webp,"¥
25.80",230,"南萃坊梅干菜酥饼25个800g糕点零食杭州特产小吃点心
美食
黄山烧饼",南萃坊旗舰店,浙江 杭州
0,//g-search3.alicdn.com/img/bao/uploaded/i4/i4/2520242287/TB2uJo8HHSYBuNjSspfXXcZCpXa_!!2520242287.jpg_360x360Q90.jpg_.webp,"¥
28.90",23,"子祺清真肉松饼20个散装 月饼 糕点点心办公室小吃
美食
零食包邮",海绵宝宝泰迪熊喜羊羊,陕西 西安
0,//g.alicdn.com/s.gif,"¥
109.90",174,"知味观杭州特产礼盒 绿豆糕
美食
特产大礼包食品批发送礼礼品1848g",知味观官方旗舰店,浙江 杭州
0,//g.alicdn.com/s.gif,"¥
26.80",1007,"梅菜扣肉饼梅干菜烧饼 吃货各地
美食
黄山特产 好吃的食品零食小吃",远在天涯1991,安徽 黄山
0,//g.alicdn.com/s.gif,"¥
59.90",1118,"南京特产金陵夫子庙小吃零食传统糕点
美食
6盒大礼包送礼品袋",鹊菓食品旗舰店,江苏 南京
0,//g.alicdn.com/s.gif,"¥
24.80",4611,"美琼猪肉粕猪肉渣衙口猪油渣油粕福建特产小吃
美食
肉脂渣生酮零食",美琼食品旗舰店,福建 泉州
0,//g.alicdn.com/s.gif,"¥
17.90",1851,"牛扎奶芙网红零食品雪花酥沙琪玛牛轧糖泡芙糕点点心推荐
美食
小吃",诱见食品专营店,江苏 南京
0,//g.alicdn.com/s.gif,"¥
56.00",2232,"双鱼牌猪肉脯400克靖江特产猪肉铺金奖猪肉干散装老字号中华
美食",双鱼食品旗舰店,江苏 泰州
0,//g.alicdn.com/s.gif,"¥
59.80",587,"众品黑椒牛肉五香卤味熟食肉类零食卤牛肉香辣休闲
美食
小吃酱牛肉",众品旗舰店,河南 许昌
0,//g.alicdn.com/s.gif,"¥
145.00",132,"台湾发顺丰小马哥荐特产零
美食
品嘉味轩鲜奶太阳饼10入糕点心小吃",awjblk88,台湾 台中
0,//g.alicdn.com/s.gif,"¥
33.60",1610,"丫眯玫瑰鲜花饼正宗云南特产 好吃的零食小吃
美食
休闲食品成人款",潮昂食品专营店,云南 昆明
0,//g.alicdn.com/s.gif,"¥
29.00",36,"麦大大儿童宝宝早餐 卡通馒头纯手工无添加果蔬卡通馒头儿童
美食",麦大大美食,浙江 温州
0,//g.alicdn.com/s.gif,"¥
149.00",879,"稻香村糕点礼盒3000g特产小吃北京点心好吃的零食大礼包传统
美食",稻香村食品旗舰店,北京
0,//g.alicdn.com/s.gif,"¥
59.90",1186,"福建厦门鼓浪屿特产伴手礼食品礼盒装糕点椰子馅饼 零食小吃
美食",炫维食品专营店,福建 厦门
0,//g.alicdn.com/s.gif,"¥
98.80",12,"澳门钜记饼家合桃金酥礼盒装 进口
美食
核桃酥送礼澳门特产代购",chenxiaoqing1458,广东 珠海
0,//g.alicdn.com/s.gif,"¥
68.00",92,"毛华玉兰饼-无锡小吃-毛华
美食
-鲜肉20只装-冰鲜包装-全国天天发",无锡精致美食,江苏 无锡
0,//g.alicdn.com/s.gif,"¥
39.90",2801,"黄大妈蛋黄酥6枚装330g雪媚娘手工新鲜海鸭蛋黄办公室糕点
美食
零",蕊园旗舰店,四川 成都
0,//g.alicdn.com/s.gif,"¥
16.90",419,"南萃坊手工蛋黄酥雪媚娘12枚紫薯味网红糕点
美食
早餐零食整箱散",南萃坊旗舰店,浙江 杭州
0,//g-search1.alicdn.com/img/bao/uploaded/i4/i4/2928873800/TB20Q1hFTtYBeNjy1XdXXXXyVXa_!!2928873800-0-item_pic.jpg_360x360Q90.jpg_.webp,"¥
36.00",2065,"花满楼鲜花饼新鲜现烤玫瑰饼云南
美食
特产早餐糕点 满3件发顺丰",happymiss旗舰店,云南 昆明
0,//g-search1.alicdn.com/img/bao/uploaded/i4/i3/667693684/TB2HQXQXp95V1Bjy0FhXXb5wXXa_!!667693684.jpg_360x360Q90.jpg_.webp,"¥
48.00",14,"台湾
美食
超比冰心绿豆皇 低温冷冻保存",梦蝶waz,福建 厦门
0,//g-search2.alicdn.com/img/bao/uploaded/i4/i3/3039227088/TB2KgxqE49YBuNjy0FfXXXIsVXa_!!3039227088-0-item_pic.jpg_360x360Q90.jpg_.webp,"¥
28.90",2777,"大观达利鲜花饼云南特产伴手礼盒玫瑰花饼10枚传统手工糕点零
美食",大观达利旗舰店,云南 昆明
0,//g-search3.alicdn.com/img/bao/uploaded/i4/i3/3356655479/TB2N9O.pCBYBeNjy0FeXXbnmFXa_!!3356655479.jpg_360x360Q90.jpg_.webp,"¥
39.90",43,"正宗安徽特产三只松鼠旗舰店黄山烧饼梅干菜酥饼
美食
心零食小吃",爱上零食之都,安徽 黄山
0,//g-search1.alicdn.com/img/bao/uploaded/i4/i2/350371882/TB2y7fbdQSWBuNjSszdXXbeSpXa_!!350371882.jpg_360x360Q90.jpg_.webp,"¥
18.90",1347,"包邮零食山西土特产麦小吃
美食
特色土炒馍棋子豆炒琪面豆200gX3袋",zy521xl,山西 运城
0,//g-search3.alicdn.com/img/bao/uploaded/i4/i4/780617036/TB2Od30aO6guuRkSnb4XXbu4XXa_!!780617036.jpg_360x360Q90.jpg_.webp,"¥
22.90",78,"梁同学榴莲饼整箱越南进口零食小吃泰国
美食
特产早餐食品营养糕点",ljc418735738,广东 佛山
0,//g-search1.alicdn.com/img/bao/uploaded/i4/i2/2114298584/TB2TkyYmyCYBuNkSnaVXXcMsVXa_!!2114298584-0-item_pic.jpg_360x360Q90.jpg_.webp,"¥
24.80",1254,"好吃的四川成都特产小吃零食糯米红糖糍粑即食三大炮
美食
休闲糕点",蜀源香食品专营店,四川 成都
0,//g-search2.alicdn.com/img/bao/uploaded/i4/i1/2151510259/TB1pi6gqkKWBuNjy1zjXXcOypXa_!!0-item_pic.jpg_360x360Q90.jpg_.webp,"¥
9.90",16750,"爱尚咪咪虾条零食小吃
美食
好吃的休闲小零食品散装一箱成人款网红",源氏食品专营店,江苏 苏州
0,//g-search3.alicdn.com/img/bao/uploaded/i4/i1/869270283/TB2znk2vCtYBeNjSspkXXbU8VXa_!!869270283.jpg_360x360Q90.jpg_.webp,"¥
109.00",65,"现货台湾特产零食
美食
点心进口食品名坂奇夏威夷豆塔12入顺丰直发",琦华电,台湾 台北
0,//g-search3.alicdn.com/img/bao/uploaded/i4/i1/2859531932/O1CN011Q8teH5LuU4g19A_!!2859531932.jpg_360x360Q90.jpg_.webp,"¥
42.80",1799,"食己 手工海鸭蛋黄酥月饼
美食
麻薯肉松雪媚娘传统糕点 办公室零食",食己shiji,浙江 杭州
0,//g-search2.alicdn.com/img/bao/uploaded/i4/i1/828000389/TB2S7QYalaM.eBjSZFMXXcypVXa_!!828000389.jpg_360x360Q90.jpg_.webp,"¥
22.00",89,"小杨生煎包 大虾生煎 上海小杨生煎 4只 特产 南京特色
美食",沧澜流转,江苏 南京
0,//g-search2.alicdn.com/img/bao/uploaded/i4/i3/667693684/TB2ukEfnpXXXXanXpXXXXXXXXXX_!!667693684.jpg_360x360Q90.jpg_.webp,"¥
48.00",39,"台湾
美食
大甲立祥紫芋酥6入 现货",梦蝶waz,福建 厦门
0,//g-search1.alicdn.com/img/bao/uploaded/i4/imgextra/i2/132151862/TB20iumiYZnBKNjSZFGXXbt3FXa_!!0-saturn_solar.jpg_360x360Q90.jpg_.webp,"¥
16.90",4,伯力爵椰蓉味白巧克力国脆丹夫 早餐零食烘烤类糕点 西式糕点 1盒,baledge伯力爵旗舰店,福建 漳州
0,//g-search1.alicdn.com/img/bao/uploaded/i4/imgextra/i1/124914878/TB2KyMQlRDH8KJjSszcXXbDTFXa_!!0-saturn_solar.jpg_360x360Q90.jpg_.webp,"¥
29.90",7,"风干肠200g正宗哈尔滨红肠下酒菜自制纯肉肠香肠东北特产
美食
腊肠",鸿正东北特产总店,黑龙江 哈尔滨
0,//g-search1.alicdn.com/img/bao/uploaded/i4/imgextra/i3/43374960/TB2bQuCbPfguuRjSszcXXbb7FXa_!!0-saturn_solar.jpg_360x360Q90.jpg_.webp,"¥
59.00",17,齐善素食素肉套餐素羊腩糖排鱼香肉丝燕丸面轮 仿荤食品素食斋菜,随缘居s,江苏 常州
0,//g-search3.alicdn.com/img/bao/uploaded/i4/i1/3536962531/TB2f6jFGNGYBuNjy0FnXXX5lpXa_!!3536962531-0-item_pic.jpg_360x360Q90.jpg_.webp,"¥
29.80",211,"四川特产
美食
小吃黄老五花生酥糖 传统早餐糕点零食原味418g",礼信堂旗舰店,四川 成都
0,//g-search3.alicdn.com/img/bao/uploaded/i4/i1/3346543506/TB1lLbYxQKWBuNjy1zjXXcOypXa_!!0-item_pic.jpg_360x360Q90.jpg_.webp,"¥
28.80",7937,"海鸭蛋蛋黄酥雪媚娘手工新鲜网红小吃糕点心酥饼
美食
红豆咸蛋黄酥",虫虫小兵食品旗舰店,江西 新余
0,//g-search3.alicdn.com/img/bao/uploaded/i4/i1/2524706146/TB2tWgEjCYTBKNjSZKbXXXJ8pXa_!!2524706146.jpg_360x360Q90.jpg_.webp,"¥
43.90",373,"是大腿零食店雪花酥糕点礼盒抹茶草莓网红零食手工自制ins
美食",startor网店,江苏 南京
0,//g-search1.alicdn.com/img/bao/uploaded/i4/i1/3083026886/TB2RrXgnVkoBKNjSZFEXXbrEVXa_!!3083026886-0-item_pic.jpg_360x360Q90.jpg_.webp,"¥
39.80",1111,"沈万三 周庄特产
美食
沈万三蹄猪蹄髈猪肘酱肘子1000克肉类熟食",沈万三旗舰店,江苏 苏州
0,//g-search3.alicdn.com/img/bao/uploaded/i4/i1/3423673333/TB2ROUIvMKTBuNkSne1XXaJoXXa_!!3423673333.jpg_360x360Q90.jpg_.webp,"¥
45.00",24,"抖音网红毛笔酥 能吃的毛笔头食品点心 餐厅毛笔酥特产
美食
不带杆",可食天下,广东 广州
0,//g-search1.alicdn.com/img/bao/uploaded/i4/i4/35444155/TB2GgXIcOjQBKNjSZFnXXa_DpXa_!!35444155.jpg_360x360Q90.jpg_.webp,"¥
20.90",133,"1件包邮（5斤）5袋山东特产糕点蜜三刀 特产小吃
美食
甜点心零食",pangziding2006,山东 泰安
0,//g-search3.alicdn.com/img/bao/uploaded/i4/i3/1672852035/TB2Lm3zf2iSBuNkSnhJXXbDcpXa_!!1672852035-2-item_pic.png_360x360Q90.jpg_.webp,"¥
35.80",130,"重庆磁器口特产特色
美食
零食小吃零食麻花多口味陈建平麻花500g*2",渝淘乐食品专营店,重庆
0,//g-search3.alicdn.com/img/bao/uploaded/i4/i4/2595065552/TB1KcCghxSYBuNjSspjXXX73VXa_!!0-item_pic.jpg_360x360Q90.jpg_.webp,"¥
24.50",775,"沙琪玛整箱3斤酥蜜枣芝麻早餐糕点办公室
美食
小吃零食1500g包邮",河南今福缘,河南 漯河
0,//g-search3.alicdn.com/img/bao/uploaded/i4/i1/67817007/TB26sNpcNSYBuNjSspjXXX73VXa_!!67817007.jpg_360x360Q90.jpg_.webp,"¥
15.24",1308,"网红零食正宗鸡仔饼 潮汕
美食
手工糕点 广东鸡仔饼 咸香肉馅饼",潮汕名产,广东 汕头
0,//g-search3.alicdn.com/img/bao/uploaded/i4/i1/1910096177/TB2bEd0nlsmBKNjSZFsXXaXSVXa_!!1910096177-0-item_pic.jpg_360x360Q90.jpg_.webp,"¥
34.80",876,"龙旺红糖糍粑 纯黑糖手工四川特产成都小吃特色重庆
美食
糯米糍粑",听竹食品专营店,四川 成都
0,//g-search3.alicdn.com/img/bao/uploaded/i4/i1/1056877153/TB2AdSfl3aTBuNjSszfXXXgfpXa_!!1056877153-0-item_pic.jpg_360x360Q90.jpg_.webp,"¥
65.00",907,"红星软香酥陕西特产西安小吃早餐零食中秋中式豆沙小点心
美食
酥饼",红星软香酥旗舰店,陕西 咸阳
0,//g-search3.alicdn.com/img/bao/uploaded/i4/i2/3852915832/TB2fb3GkbSYBuNjSspfXXcZCpXa_!!3852915832.jpg_360x360Q90.jpg_.webp,"¥
48.00",100,"延禧攻略荷花酥零食 传统手工糕点中秋礼盒酥饼
美食
舌尖上的中国",悠派企业店,浙江 温州
0,//g-search3.alicdn.com/img/bao/uploaded/i4/i4/3919489899/TB2cHTzjQZmBKNjSZPiXXXFNVXa_!!3919489899.jpg_360x360Q90.jpg_.webp,"¥
16.80",236,"湖北特产小吃零食矮子馅饼特产
美食
正宗红糖纯手工老婆饼绿豆饼",优特百味总公司,湖北 荆门
0,//g.alicdn.com/s.gif,"¥
26.90",1391,"【百草味-夹心麻薯210gx3袋】零食特产
美食
小吃 糕点点心早餐食品",百草味零食连锁,浙江 杭州
0,//g.alicdn.com/s.gif,"¥
39.90",28,"三禾北京稻香村鸡蛋槽子糕312g*2北京茶点心特色
美食
老蛋糕",稻香通宝食品专营店,北京
0,//g.alicdn.com/s.gif,"¥
38.00",429,"胡先生玫瑰蛋黄酥玫瑰豆沙雪媚娘麻薯传统糕点
美食
早餐零食 6枚装",mrhu旗舰店,云南 昆明
0,//g.alicdn.com/s.gif,"¥
22.00",282,"南京特产 鸡蛋汉堡 鲜肉汉堡包馅饼鸡蛋饼 早餐小吃 南京人气
美食",沧澜流转,江苏 南京
0,//g.alicdn.com/s.gif,"¥
34.80",413,"金华酥饼浙江特产红糖酥饼梅干菜肉黄山烧饼整箱散装
美食
糕点点心",乡间小筑777,浙江 金华
0,//g.alicdn.com/s.gif,"¥
28.80",75,"御食园 传统茯苓饼500g老北京特产特色小吃正宗传统
美食
糕点零食",力士蛋糕,北京
0,//g.alicdn.com/s.gif,"¥
62.80",4989,"轩妈家蛋黄酥 4种口味混合组合装糕点点心
美食
早餐点心零食小吃",轩妈食品旗舰店,广西 南宁
0,//g.alicdn.com/s.gif,"¥
59.90",410,"南京特产金陵
美食
夫子庙小吃零食传统
美食
6盒大礼包送礼品袋",酥房斋旗舰店,江苏 南京
0,//g.alicdn.com/s.gif,"¥
20.00",1492,"一封情酥现烤椰子饼厦门特产糕点吃货网红
美食
公办休闲零食伴手礼",壹封情酥,福建 厦门
0,//g.alicdn.com/s.gif,"¥
16.80",144,"赵老师煎麻饼500g袋四川特产黑芝麻饼早餐
美食
零食品糕点心零食",醇厚食品专营店,四川 成都
0,//g.alicdn.com/s.gif,"¥
43.90",442,"诱见雪花酥糕点礼盒装抹茶草莓网红零食手工自制ins
美食
抖音同款",诱见旗舰店,安徽 合肥
0,//g.alicdn.com/s.gif,"¥
28.80",233,"巫糕糕红豆乳酪酥 网红茶点特产
美食
传统手工点心糕点小吃零食",nicolefeier,四川 成都
0,//g.alicdn.com/s.gif,"¥
25.90",233,"姚当家 安徽特产黄山烧饼梅干菜扣肉金华酥饼
美食
糕点心零食小吃",姚当家旗舰店,安徽 黄山
0,//g.alicdn.com/s.gif,"¥
29.90",154,"上好旺义乌红糖麻花小辫小麻花浙江特产糕点
美食
小吃网红零食批发",上好旺旗舰店,浙江 金华
0,//g.alicdn.com/s.gif,"¥
31.80",166,"鑫炳记核桃仁太谷饼1400g山西特产小吃面包手撕传统
美食
零食糕点",鑫炳记旗舰店,山西 晋中
0,//g.alicdn.com/s.gif,"¥
28.00",181,"轩妈家蛋黄酥55g*6枚/盒手工传统糕点
美食
早餐零食小吃雪媚娘麻薯",最后的轻语110,广西 南宁
0,//g-search3.alicdn.com/img/bao/uploaded/i4/i1/1720086049/TB14u5Hm8jTBKNjSZFNXXasFXXa_!!0-item_pic.jpg_360x360Q90.jpg_.webp,"¥
29.90",2651,"赵老师麻饼700g*2袋四川特产早餐
美食
休闲零食品传统手工糕点饼干",醇厚食品专营店,四川 成都
0,//g-search1.alicdn.com/img/bao/uploaded/i4/i2/135845081/TB2Y1nVlGagSKJjy0FaXXb0dpXa_!!135845081.png_360x360Q90.jpg_.webp,"¥
125.00",116,"台湾发获奖第一名美美香葱牛轧糖饼干600g小吃零食品
美食
年货正宗",awjblk88,台湾 台中
0,//g-search3.alicdn.com/img/bao/uploaded/i4/i2/TB1A3__OFXXXXaWXFXXXXXXXXXX_!!0-item_pic.jpg_360x360Q90.jpg_.webp,"¥
54.00",186,"犁记太阳饼 台湾百年传统手工糕点 休闲茶歇小吃
美食
安佳奶油",犁记旗舰店,浙江 嘉兴
0,//g-search2.alicdn.com/img/bao/uploaded/i4/i2/827461591/TB2ZMNHl_nI8KJjSszbXXb4KFXa_!!827461591.jpg_360x360Q90.jpg_.webp,"¥
18.80",373,"爆浆麻薯糯米糍粑整箱网红小吃抹茶味
美食
好吃的休闲零食品成人款",奥特曼zhang,福建 厦门
0,//g-search3.alicdn.com/img/bao/uploaded/i4/i4/1697167251/TB2QpKUikyWBuNjy0FpXXassXXa_!!1697167251.jpg_360x360Q90.jpg_.webp,"¥
34.10",196,"山东周村特产香酥脆薄芝麻片烧饼正宗零食小吃
美食
休闲食品成人款",健健康康664,山东 德州
0,//g-search1.alicdn.com/img/bao/uploaded/i4/i3/228615082/TB1RKwdArSYBuNjSspiXXXNzpXa_!!0-item_pic.jpg_360x360Q90.jpg_.webp,"¥
39.90",60,"御食园茯苓果仁脆200g*2 老北京特产零食小吃 传统糕点点心
美食",御食园食品旗舰店,北京
0,//g-search1.alicdn.com/img/bao/uploaded/i4/i1/1056877153/TB2FCj1uQSWBuNjSszdXXbeSpXa_!!1056877153-0-item_pic.jpg_360x360Q90.jpg_.webp,"¥
35.00",376,"红星软香酥陕西特产小吃
美食
零食礼包早餐糕点豆沙点心西安千层饼",红星软香酥旗舰店,陕西 咸阳
0,//g-search2.alicdn.com/img/bao/uploaded/i4/i1/2734961132/TB2wnH7uL1TBuNjy0FjXXajyXXa_!!2734961132.jpg_360x360Q90.jpg_.webp,"¥
28.20",176,"甘肃特产
美食
小吃大饼子油锅盔手工油馍馍咸香火烧饼陕西零食5个",西北绿源,甘肃 平凉
0,//g-search1.alicdn.com/img/bao/uploaded/i4/i1/203885727/TB21AywvYBkpuFjy1zkXXbSpFXa_!!203885727.jpg_360x360Q90.jpg_.webp,"¥
160.00",130,"台湾进口 百年名店 台中犁记饼店 招牌蛋黄酥10入传统糕点
美食
品",雾里成熟,福建 厦门
0,//g-search3.alicdn.com/img/bao/uploaded/i4/i3/TB1nN7_NpXXXXa3XXXXXXXXXXXX_!!0-item_pic.jpg_360x360Q90.jpg_.webp,"¥
69.00",160,"冠素堂观音饼6盒礼袋装 传统文化
美食",冠素堂食品专营店,浙江 舟山
0,//g-search1.alicdn.com/img/bao/uploaded/i4/i4/3976150943/TB2DR0lDx1YBuNjy1zcXXbNcXXa_!!3976150943.png_360x360Q90.jpg_.webp,"¥
24.00",324,"包邮轩妈家蛋黄酥20g*8枚/盒红豆迷你儿童蛋黄酥网红糕点
美食
零食",最后的轻语110,广西 南宁
0,//g-search3.alicdn.com/img/bao/uploaded/i4/i3/457145656/TB262oVaPfguuRjSspkXXXchpXa_!!457145656.jpg_360x360Q90.jpg_.webp,"¥
88.00",56,"零食大礼包休闲食品成人款好吃的
美食
澳门广东珠海特产小吃饼干",澳门特产批发城,广东 珠海
0,//g-search1.alicdn.com/img/bao/uploaded/i4/imgextra/i2/114300528/TB2NGZwnXkoBKNjSZFEXXbrEVXa_!!0-saturn_solar.jpg_360x360Q90.jpg_.webp,"¥
33.90",943,【休闲农场蒸蛋糕_1kg】紫米黑米面包早餐整箱零食品小吃营养奶香,休闲农场旗舰店,广东 揭阳
0,//g-search1.alicdn.com/img/bao/uploaded/i4/imgextra/i1/115465893/TB2VraIkyQnBKNjSZFmXXcApVXa_!!0-saturn_solar.jpg_360x360Q90.jpg_.webp,"¥
24.80",517,"好吃的广东广州澳门特产蜜汁香辣猪肉脯
美食
零食成人款小吃猪肉干",aofuy,广东 珠海
0,//g-search1.alicdn.com/img/bao/uploaded/i4/imgextra/i4/132337572/TB2t5SxueSSBuNjy0FlXXbBpVXa_!!0-saturn_solar.jpg_360x360Q90.jpg_.webp,"¥
68.00",130,杨震金牌鸭王南京美零食水西门正宗特产盐水鸭当天1500g顺丰包邮,杨震卤菜食品旗舰店,江苏 南京
0,//g-search2.alicdn.com/img/bao/uploaded/i4/i1/878254633/TB2QCgjsHGYBuNjy0FoXXciBFXa_!!878254633.jpg_360x360Q90.jpg_.webp,"¥
57.90",497,"孕妇零食南瓜子饼瓜子仁酥饼干健康营养食品
美食
早餐月子小吃特产",返农归真,山东 临沂
0,//g-search3.alicdn.com/img/bao/uploaded/i4/i3/331789986/TB2.Vb.elsmBKNjSZFsXXaXSVXa_!!331789986.jpg_360x360Q90.jpg_.webp,"¥
138.00",48,"手信大礼包广东香港澳门舌尖上的中国
美食
特产小吃礼盒装零食食品",珠海明龙贸易,广东 珠海
0,//g-search3.alicdn.com/img/bao/uploaded/i4/i3/3927268889/TB2osyaCbSYBuNjSspfXXcZCpXa_!!3927268889-0-item_pic.jpg_360x360Q90.jpg_.webp,"¥
19.80",254,"稻香村驴打滚500g散装老北京特产小吃零食糕点心
美食
品零食麻薯",稻香村中晨专卖店,北京
0,//g-search1.alicdn.com/img/bao/uploaded/i4/i3/3068890963/TB24AQofb3nBKNjSZFMXXaUSFXa_!!3068890963.jpg_360x360Q90.jpg_.webp,"¥
30.80",692,"肉松饼整箱约60个营养早餐面包小吃零食
美食
好吃的休闲食品成人款",星座食品,福建 厦门
0,//g-search3.alicdn.com/img/bao/uploaded/i4/i2/2561116236/TB2EUakxhSYBuNjSsphXXbGvVXa_!!2561116236.jpg_360x360Q90.jpg_.webp,"¥
25.00",728,"西安特产小吃零食糕点 陕西十大怪礼盒琼锅糖蓼花糖地方特色
美食",绿音集团,陕西 西安
0,//g-search1.alicdn.com/img/bao/uploaded/i4/i1/2890576820/TB1oOM9XdVIxuRkSR2gXXbqqXXa_!!0-item_pic.jpg_360x360Q90.jpg_.webp,"¥
68.00",304,"毛老爹台湾零食特产进口冰心绿豆皇传统糕点正宗特色
美食
绿豆糕",毛老爹旗舰店,福建 厦门
0,//g-search1.alicdn.com/img/bao/uploaded/i4/i2/2412298267/TB2NpxWEASWBuNjSszdXXbeSpXa_!!2412298267.jpg_360x360Q90.jpg_.webp,"¥
17.60",5672,"鲜花饼云南特产现烤手工玫瑰饼好吃的
美食
小吃糕点零食500g礼盒装",花香随鲜花饼店,云南 昆明
0,//g-search1.alicdn.com/img/bao/uploaded/i4/i3/681185851/TB1oq0xnpkoBKNjSZFkXXb4tFXa_!!0-item_pic.jpg_360x360Q90.jpg_.webp,"¥
27.00",7258,"轩妈家蛋黄酥55g*6枚/盒手工传统糕点
美食
早餐零食小吃雪媚娘麻薯",猫诚旗舰店,广西 南宁
0,//g-search1.alicdn.com/img/bao/uploaded/i4/i2/3927268889/TB20mxpCeuSBuNjSsplXXbe8pXa_!!3927268889-0-item_pic.jpg_360x360Q90.jpg_.webp,"¥
22.50",102,"稻香村糕点豌豆黄500g散装老北京特色特产糕点心传统
美食
小吃",稻香村中晨专卖店,北京
0,//g-search2.alicdn.com/img/bao/uploaded/i4/i3/183296758/TB2ByYZkEUIL1JjSZFrXXb3xFXa_!!183296758.png_360x360Q90.jpg_.webp,"¥
29.90",209,"永康肉麦饼纯手工金华
美食
永康干菜雪菜麦饼早餐5个装江浙沪包邮",ykajie,浙江 金华
0,//g-search1.alicdn.com/img/bao/uploaded/i4/i1/3319843912/TB2EWLScUD.BuNjt_ioXXcKEFXa_!!3319843912.jpg_360x360Q90.jpg_.webp,"¥
48.00",159,"北京南锣鼓巷栗记麦香坊微博热门
美食
虎皮饽饽仙豆糕6块装多口味",蛋挞妈妈北京美食代购,北京
0,//g-search1.alicdn.com/img/bao/uploaded/i4/i1/770957789/TB2c3ftXsiEJuJjy1XbXXaizFXa_!!770957789.jpg_360x360Q90.jpg_.webp,"¥
50.90",31,"新疆馕饼囊特产零食 传统
美食
大饼油馕手工清真食品正宗烤馕包邮",琴love威,新疆 乌鲁木齐
0,//g-search3.alicdn.com/img/bao/uploaded/i4/i1/1719214398/TB2Wuc_nBjTBKNjSZFuXXb0HFXa_!!1719214398-0-item_pic.jpg_360x360Q90.jpg_.webp,"¥
32.80",1332,"沈大成上海特产龙须酥礼盒传统糕点零食龙须酥糖食品450G网红
美食",沈大成旗舰店,上海
0,//g.alicdn.com/s.gif,"¥
41.80",82,"5斤宫廷桃酥饼干批发传统糕点整箱零食点心散装核桃小吃特产
美食",悠小乐食品,浙江 台州
0,//g.alicdn.com/s.gif,"¥
119.00",377,"老杭邦龙井酥5口味套装 杭州特产特色
美食
杭州茶食龙井茶酥实惠装",老杭邦旗舰店,浙江 杭州
0,//g.alicdn.com/s.gif,"¥
12.80",1363,"浏乡炒米泰国风味炒米1000g多口味湖南休闲零食大礼包批发
美食",百年卡伦食品专营店,湖南 长沙
0,//g.alicdn.com/s.gif,"¥
31.80",5380,"荣欣堂太谷饼2100g整箱山西特产
美食
零食点心糕点小吃",荣欣堂旗舰店供应商,山西 晋中
0,//g.alicdn.com/s.gif,"¥
30.50",95,"北方无糖零食曲阳缸炉烧饼特产正宗河北
美食
小吃芝麻饼传统纯手工",付太安,河北 保定
0,//g.alicdn.com/s.gif,"¥
21.80",458,"浙江传统糕点黄金糕零食早餐港式广式港式风味糕点下午茶
美食
小吃",xiaotian662425,浙江 台州
0,//g.alicdn.com/s.gif,"¥
159.00",53,"台湾直发代购获奖圣保罗Q饼7入内馅蛋黄酥零
美食
品特产正宗年货",awjblk88,台湾 台中
0,//g.alicdn.com/s.gif,"¥
149.00",553,"三禾北京稻香村 北京老字号 饼饼有礼
美食
糕点特色礼盒送礼佳选",北京稻香村旗舰店,北京
0,//g.alicdn.com/s.gif,"¥
99.00",155,"素直 绿豆糕糕点礼盒混合口味正宗传统茶点
美食
送礼点心礼盒",追云1987,浙江 金华
0,//g.alicdn.com/s.gif,"¥
34.80",210,"山楂锅盔稻香村北京特产
美食
正宗零食下午茶点心小吃中华老字号",稻香村语桐专卖店,北京
0,//g.alicdn.com/s.gif,"¥
36.80",473,"滇园20枚玫瑰鲜花饼 云南特产昆明现烤玫瑰花饼 丽江
美食
零食小吃",滇园食品旗舰店,云南 昆明
0,//g.alicdn.com/s.gif,"¥
45.00",107,"三味酥屋旗舰店芋头Q心酥 Q弹麻糬 厦门特产糕点伴手礼
美食
下午茶",三味酥屋旗舰店,福建 厦门
0,//g.alicdn.com/s.gif,"¥
49.00",324,"陕西特产大礼包地方特色
美食
零食糕点西安小吃龙须酥水晶饼礼盒装",秦品轩食品旗舰店,陕西 西安
0,//g.alicdn.com/s.gif,"¥
28.90",94,"御食园传统茯苓饼480g老北京特产北京糕点心茯苓夹饼
美食
小吃零食",御食园北京专卖店,北京
0,//g.alicdn.com/s.gif,"¥
48.00",86,"手工麻饼充饥小零食大畈芝麻饼点心糕点湖北通山特产网红小吃
美食",湖北楚极鲜,湖北 咸宁
0,//g.alicdn.com/s.gif,"¥
24.90",224,"金顺昌桂花糕桂林特产广西旅游伴手礼地方特产
美食
小吃口感好190g",广通食品专营店,广西 桂林
0,//g-search2.alicdn.com/img/bao/uploaded/i4/i2/1791258654/TB1mZKmnoOWBKNjSZKzXXXfWFXa_!!0-item_pic.jpg_360x360Q90.jpg_.webp,"¥
38.80",803,"友臣肉松饼2.5斤装整箱闽台美味早餐面包糕点
美食
小吃点心零食品",食尚物语食品专营店,河南 焦作
0,//g-search1.alicdn.com/img/bao/uploaded/i4/i1/673810035/O1CN011C84JCTgfjoNKat_!!673810035.jpg_360x360Q90.jpg_.webp,"¥
15.50",541,"潮州小吃广东潮汕
美食
特产酥饺酥角花生芝麻酥 传统特色糕点零食",小吃潮,广东 汕头
0,//g-search2.alicdn.com/img/bao/uploaded/i4/i4/3972926482/TB2SM_emFooBKNjSZPhXXc2CXXa_!!3972926482.jpg_360x360Q90.jpg_.webp,"¥
29.80",44,"果蔬卡通包子奶黄巧虎KT猫宝宝儿童早餐面点心学生麦大大馒头
美食",麦大大美食,浙江 温州
0,//g-search2.alicdn.com/img/bao/uploaded/i4/i3/2891702599/TB2uNv2m0knBKNjSZKPXXX6OFXa_!!2891702599-0-item_pic.jpg_360x360Q90.jpg_.webp,"¥
158.00",59,"老杭邦礼盒【灯火阑珊】杭州特产糕点
美食
年货礼盒装特色零食礼品",老杭邦旗舰店,浙江 杭州
0,//g-search1.alicdn.com/img/bao/uploaded/i4/i1/474446524/TB1qhO5dz3z9KJjy0FmXXXiwXXa_!!0-item_pic.jpg_360x360Q90.jpg_.webp,"¥
120.00",207,"元祖蛋黄酥咸鸭蛋糕点伴手礼礼盒15入/盒 传统
美食
零食",元祖食品官方旗舰店,上海
0,//g-search3.alicdn.com/img/bao/uploaded/i4/i4/2049177809/TB2lv4sCaSWBuNjSsrbXXa0mVXa_!!2049177809.jpg_360x360Q90.jpg_.webp,"¥
19.28",3050,"黄山烧饼60个梅干菜扣肉酥饼糕点心零食休闲小吃正宗安徽
美食
特产",黄山立胜食品,安徽 黄山
0,//g-search3.alicdn.com/img/bao/uploaded/i4/i1/2038542326/TB2zXoynYZnBKNjSZFhXXc.oXXa_!!2038542326-0-item_pic.jpg_360x360Q90.jpg_.webp,"¥
26.80",7636,"爱乡亲肉松饼1000g面包早餐整箱营养小蛋糕特产网红零食
美食
小吃",爱乡亲食品旗舰店,福建 泉州
0,//g-search1.alicdn.com/img/bao/uploaded/i4/i2/190903296/TB1U2DXXdVIxuRjHxmnXXc6dpXa_!!0-item_pic.jpg_360x360Q90.jpg_.webp,"¥
49.90",557,"五芳斋绿豆糕2盒装高点心休闲零食
美食
小吃特产绿豆饼冰糕好吃的",五芳斋官方旗舰店,浙江 嘉兴
0,//g-search1.alicdn.com/img/bao/uploaded/i4/i3/475325704/TB2CHf0Xc4IxuRkSS3AXXXGwXXa_!!475325704-0-item_pic.jpg_360x360Q90.jpg_.webp,"¥
21.90",1595,"知味观绿豆糕 休闲
美食
正宗传统糕点点心芝士零食杭州特产绿豆饼",知味观官方旗舰店,浙江 杭州
0,//g-search2.alicdn.com/img/bao/uploaded/i4/i1/3058829785/TB2Kuqfcfal9eJjSZFzXXaITVXa_!!3058829785.jpg_360x360Q90.jpg_.webp,"¥
26.80",497,"黄金糕传统糕点小吃零食 早餐港式广式港式糕点特色
美食
4包下午茶",奶奶家食品,浙江 宁波
0,//g-search1.alicdn.com/img/bao/uploaded/i4/i3/3522408491/TB2gli5EqSWBuNjSsrbXXa0mVXa_!!3522408491-0-item_pic.jpg_360x360Q90.jpg_.webp,"¥
26.80",6086,"千丝绿豆饼干整箱早餐面包网红零食品成人款小吃蛋糕点心休闲
美食",千味源食品专营店,福建 泉州
0,//g-search3.alicdn.com/img/bao/uploaded/i4/i3/813226714/TB2y1KIXP2C11BjSszgXXaKlpXa_!!813226714.jpg_360x360Q90.jpg_.webp,"¥
31.80",81,"陕西西安土特产唐十三朝红枣软糕285g*4袋传统糕点零食
美食
包邮",瘪鞲胤龌,陕西 西安
0,//g-search1.alicdn.com/img/bao/uploaded/i4/imgextra/i2/111976228/TB2lBDMIb1YBuNjSszeXXablFXa_!!0-saturn_solar.jpg_360x360Q90.jpg_.webp,"¥
17.80",2,四川特产小盐哥自贡风味小吃香辣鸭胗鸭肫麻辣包装小零食休闲食品,小盐哥特色川菜,四川 自贡
0,//g-search1.alicdn.com/img/bao/uploaded/i4/imgextra/i2/96357640/TB2fb_Lm_mWBKNjSZFBXXXxUFXa_!!0-saturn_solar.jpg_360x360Q90.jpg_.webp,"¥
49.00",72,"香冠鲜花饼云南特产
美食
玫瑰鲜花饼1500g中式糕点零食送礼大包装",香冠食品旗舰店,云南 昆明
0,//g-search1.alicdn.com/img/bao/uploaded/i4/imgextra/i2/112600849/TB2kOwcs9tYBeNjSspaXXaOOFXa_!!0-saturn_solar.jpg_360x360Q90.jpg_.webp,"¥
43.90",50,四洲板栗仁熟制栗子仁板栗仁坚果零食休闲食品即食甘栗仁 100g*5,四洲零食,广东 广州
0,//g-search3.alicdn.com/img/bao/uploaded/i4/i4/362557714/TB2meA9csnI8KJjSsziXXb8QpXa_!!362557714.jpg_360x360Q90.jpg_.webp,"¥
31.00",56,"苏州黄天源糕团【组合装糕点】糕点
美食
特产 一份为四块糕",苏雨英182381,江苏 苏州
0,//g-search1.alicdn.com/img/bao/uploaded/i4/i3/828000389/TB2gKp3bWmWQ1JjSZPhXXXCJFXa_!!828000389.jpg_360x360Q90.jpg_.webp,"¥
26.00",214,"南京人气
美食
鼎旺 紫薯Q仔 大福麻薯糯米糍魔奇 早餐零食小吃",沧澜流转,江苏 南京
0,//g-search2.alicdn.com/img/bao/uploaded/i4/i2/828000389/TB2ntpsdAqvpuFjSZFhXXaOgXXa_!!828000389.jpg_360x360Q90.jpg_.webp,"¥
23.00",242,"南京人气
美食
酵墅 黑芝麻餐包 网红欧包 全麦面包 南京
美食",沧澜流转,江苏 南京
0,//g-search3.alicdn.com/img/bao/uploaded/i4/i4/847621211/TB2vqdZndqUQKJjSZFIXXcOkFXa_!!847621211.jpg_360x360Q90.jpg_.webp,"¥
89.00",9,"毛华玉兰饼 无锡传统特产小吃
美食
鲜肉30只 顺丰冰鲜包装 加冰袋",无锡精致美食,江苏 无锡
0,//g-search3.alicdn.com/img/bao/uploaded/i4/i2/2084007988/TB183gBicLJ8KJjy0FnXXcFDpXa_!!0-item_pic.jpg_360x360Q90.jpg_.webp,"¥
28.90",64,"友臣肉松饼1000g正宗早餐休闲食品小吃零食糕点
美食
点心特产批发",好口福食品专营店,四川 成都
0,//g-search2.alicdn.com/img/bao/uploaded/i4/i4/TB16m8DPpXXXXa1aXXXXXXXXXXX_!!0-item_pic.jpg_360x360Q90.jpg_.webp,"¥
24.80",75,"【山西特产】喜蓉太谷饼 红枣味传统糕点
美食
早餐零食5斤整箱包邮",杨柳星0356,山西 晋城
0,//g-search3.alicdn.com/img/bao/uploaded/i4/i2/3458139345/TB2SaNvHHSYBuNjSspfXXcZCpXa_!!3458139345.jpg_360x360Q90.jpg_.webp,"¥
22.80",824,"梅菜梅干菜扣肉饼缙云烧饼手工薄饼好吃的黄山
美食
小零食网红小吃",广汇美食,安徽 黄山
0,//g-search2.alicdn.com/img/bao/uploaded/i4/i2/2077316270/TB2AD7vg29TBuNjy0FcXXbeiFXa_!!2077316270.jpg_360x360Q90.jpg_.webp,"¥
68.00",320,"杭州特产知味观绿豆冰糕糕点 点心绿豆糕
美食
零食送礼四盒装760g",杭州知味观,浙江 杭州
0,//g-search2.alicdn.com/img/bao/uploaded/i4/i4/1687246706/TB20k8.jHFkpuFjy1XcXXclapXa_!!1687246706.jpg_360x360Q90.jpg_.webp,"¥
39.80",130,"澳门特产钜记饼家 长蛋卷 澳门传统
美食
蛋卷糕点进口手工手信送礼",qq83393468,澳门 澳门半岛
0,//g-search1.alicdn.com/img/bao/uploaded/i4/i1/2090145010/TB2qwiVAOCYBuNkHFCcXXcHtVXa_!!2090145010-0-item_pic.jpg_360x360Q90.jpg_.webp,"¥
63.80",504,"上海特产礼盒1200g 粮典 中秋
美食
糕点心老人六样零食小吃品包邮",易牙狄牙食品专营店,上海
0,//g-search2.alicdn.com/img/bao/uploaded/i4/i4/3935493101/TB2QcOyteOSBuNjy0FdXXbDnVXa_!!3935493101-0-item_pic.jpg_360x360Q90.jpg_.webp,"¥
19.80",73,"蜜麻花500g领格零食品老北京特产
美食
小吃传统散装手工休闲糕点心",领格旗舰店,北京
0,//g-search1.alicdn.com/img/bao/uploaded/i4/i3/135845081/TB2nft0qFXXXXb5XXXXXXXXXXXX_!!135845081.jpg_360x360Q90.jpg_.webp,"¥
189.00",46,"台湾直发特产丰丹幸福q饼9颗糕点心蛋黄酥零
美食
品中秋礼盒麻薯",awjblk88,台湾 台中
0,//g-search2.alicdn.com/img/bao/uploaded/i4/i3/3319819635/TB2adBZXhtnkeRjSZSgXXXAuXXa_!!3319819635.jpg_360x360Q90.jpg_.webp,"¥
35.80",100,"中冠_绿豆糕买1送1传统手工正宗糕点早点散装四川成都
美食
特产",成都极味道,四川 成都
0,//g.alicdn.com/s.gif,"¥
26.80",269,"脍记4个军屯锅魁锅盔成都手工
美食
小吃 馍油饼千层酥猪肉馅肉夹馍",浅食记,四川 成都
0,//g.alicdn.com/s.gif,"¥
18.90",1334,"成都特产即食凉糕四川网红
美食
好吃的糯米小吃零食休闲食品成人款",锦城记旗舰店,四川 成都
0,//g.alicdn.com/s.gif,"¥
71.00",330,"国爱堂茯苓糕茯苓饼茯苓夹饼北京特产传统零食小吃
美食
云片糕点心",国爱堂旗舰店,山东 济南
0,//g.alicdn.com/s.gif,"¥
18.90",325,"正宗黄山烧饼60个安徽特产梅干菜扣肉酥饼办公室休闲零食小吃
美食",祝鹏远11,安徽 黄山
0,//g.alicdn.com/s.gif,"¥
39.90",93,"诱见雪花酥饼干手工糕点抹茶味零食礼盒网红抖音同款一箱
美食
礼物",达令女王食品专营店,上海
0,//g.alicdn.com/s.gif,"¥
21.90",24,"沈大成绿豆糕
美食
手工绿豆酥传统糕点点心零食 上海特产绿豆饼",悠闲时刻食品专营店,上海
0,//g.alicdn.com/s.gif,"¥
95.00",112,"正宗四川特产成都小吃零食礼盒麻辣味大礼包散装
美食
休闲食品一箱",听竹食品专营店,四川 成都
0,//g.alicdn.com/s.gif,"¥
29.90",300,"买2送1胡先生鲜花饼云南特产玫瑰花饼正宗糕点早餐零食
美食
单盒装",mrhu旗舰店,云南 昆明
0,//g.alicdn.com/s.gif,"¥
119.00",73,"广西金顺昌桂林特产伴手礼 桂花糕休闲食品零食儿时舌尖
美食
礼盒",金顺昌旗舰店,广西 桂林
0,//g.alicdn.com/s.gif,"¥
59.90",422,"江苏南京特产金陵
美食
夫子庙小吃零食 6盒大礼包礼盒 送礼品袋",洁若食品专营店,江苏 南京
0,//g.alicdn.com/s.gif,"¥
35.00",350,"5个混装红糖红枣糕糯米发糕黑米传统糕点心特产早餐休闲
美食
小吃",花样年华tl,浙江 丽水
0,//g.alicdn.com/s.gif,"¥
53.80",146,"澳门特产钜记饼家 陈皮饼 澳门手信首创
美食
古法制造糕点零食送礼",qq83393468,澳门 澳门半岛
0,//g.alicdn.com/s.gif,"¥
23.80",253,"日光岩椰子饼1010g整箱网红零食 厦门鼓浪屿特产椰蓉馅饼小吃
美食",不惦记,福建 厦门
0,//g.alicdn.com/s.gif,"¥
27.80",868,"心特软蛋黄酥
美食
网红小吃糕点手工传统海鸭蛋黄酥饼休闲零食点心",心特软食品旗舰店,陕西 咸阳
0,//g.alicdn.com/s.gif,"¥
28.90",7313,"德辉酥饼梅干菜扣肉金华网红小零食小吃浙江特产
美食
黄山烧饼",德辉酥饼1925,浙江 衢州
0,//g.alicdn.com/s.gif,"¥
32.90",95,"稻香村凤梨酥小吃零食休闲食品成人款女生
美食
儿童款零售小零食",稻香村语桐专卖店,北京
0,//g-search1.alicdn.com/img/bao/uploaded/i4/i4/2891702599/TB22VeadUD.BuNjt_ioXXcKEFXa_!!2891702599-0-item_pic.jpg_360x360Q90.jpg_.webp,"¥
189.00",60,"老杭邦酥饼5口味套装 杭州特产
美食
手工制作糕点点心吃货零食小吃",老杭邦旗舰店,浙江 杭州
0,//g-search3.alicdn.com/img/bao/uploaded/i4/i1/135845081/TB2DAc9tMFkpuFjSspnXXb4qFXa_!!135845081.jpg_360x360Q90.jpg_.webp,"¥
159.00",120,"台湾发顺丰佳德凤梨凰酥12入糕点零
美食
特产中秋节货礼盒蛋黄小吃",awjblk88,台湾 台中
0,//g-search2.alicdn.com/img/bao/uploaded/i4/i4/3512024727/TB2b9.VwfiSBuNkSnhJXXbDcpXa_!!3512024727-0-item_pic.jpg_360x360Q90.jpg_.webp,"¥
29.80",94,"零趣.千丝蛋黄肉松饼整箱 早餐面包网红零食品酥饼干蛋糕点心
美食",零趣食品旗舰店,福建 泉州
0,//g-search1.alicdn.com/img/bao/uploaded/i4/i3/869079479/TB263.VnZUrBKNjSZPxXXX00pXa_!!869079479.jpg_360x360Q90.jpg_.webp,"¥
129.00",44,"台湾特产进口土凤梨酥微热山丘微熟山丘正宗特产
美食
10零食盒装",tb1914955_00,上海
0,//g-search3.alicdn.com/img/bao/uploaded/i4/i3/660060461/TB2_xP0xL1TBuNjy0FjXXajyXXa_!!660060461.jpeg_360x360Q90.jpg_.webp,"¥
35.00",195,"包邮6粒装低糖蛋黄酥酥饼麻薯肉松传统糕点零食特产点心
美食
小吃",suxing3052,广东 深圳
0,//g-search3.alicdn.com/img/bao/uploaded/i4/i2/2780349775/TB2dX_usVGWBuNjy0FbXXb4sXXa_!!2780349775-0-item_pic.jpg_360x360Q90.jpg_.webp,"¥
19.60",592,"安徽特产正宗黄山烧饼60个梅干菜扣肉饼手工
美食
小吃零食糕点",徽味和旗舰店,安徽 黄山
0,//g-search3.alicdn.com/img/bao/uploaded/i4/i3/1752542707/TB1S4tkbNWYBuNjy1zkXXXGGpXa_!!0-item_pic.jpg_360x360Q90.jpg_.webp,"¥
34.60",1013,"友臣肉松饼5斤整箱包邮 福建特产早餐
美食
肉松棒糕点小吃零食品",猫趣食品专营店,广东 广州
0,//g-search3.alicdn.com/img/bao/uploaded/i4/i2/2081058060/TB1.7Cnm5AnBKNjSZFvXXaTKXXa_!!0-item_pic.jpg_360x360Q90.jpg_.webp,"¥
29.90",284,"荣欣堂草子糕鲜鸡蛋糕1500g整箱山西特产早餐零食
美食
品面包糕点",荣欣堂旗舰店,山西 晋中
0,//g-search3.alicdn.com/img/bao/uploaded/i4/i3/693104145/TB2it88rxlmpuFjSZPfXXc9iXXa_!!693104145.jpg_360x360Q90.jpg_.webp,"¥
35.89",231,"天天特价皮牙子孜然味烤馕5个新疆手工清真
美食
烧饼养胃烤囊饼子",yuxiaoqian6,新疆 乌鲁木齐
0,//g-search2.alicdn.com/img/bao/uploaded/i4/i2/2830512086/TB2H8aLr9tYBeNjSspaXXaOOFXa_!!2830512086.jpg_360x360Q90.jpg_.webp,"¥
29.90",898,"德辉梅干菜扣肉金华酥饼网红小零食小吃浙江特产
美食
黄山烧饼",德辉酥饼1925,浙江 衢州
0,//g-search2.alicdn.com/img/bao/uploaded/i4/i1/3515268654/TB28OePv3KTBuNkSne1XXaJoXXa_!!3515268654.png_360x360Q90.jpg_.webp,"¥
26.80",211,"黄山烧饼梅干菜扣肉薄脆饼安徽正宗手工烤饼各地
美食
网红零食小吃",徽山贡,安徽 黄山
0,//g-search3.alicdn.com/img/bao/uploaded/i4/i1/TB1sqomPFXXXXbYXpXXXXXXXXXX_!!0-item_pic.jpg_360x360Q90.jpg_.webp,"¥
38.00",42,"500克 潮汕
美食
水晶虾饺皇 纯手工广式茶点 约15个 港式虾饺",琉璃执着,广东 汕头
0,//g-search1.alicdn.com/img/bao/uploaded/i4/imgextra/i2/129016548/TB2Ivx2BviSBuNkSnhJXXbDcpXa_!!0-saturn_solar.jpg_360x360Q90.jpg_.webp,"¥
32.80",1090,美国进口Snyders蛋糕装饰255.2g烘培蝴蝶酥饼干圈pretzel零食食品,昶洋食品专营店,上海
0,//g-search1.alicdn.com/img/bao/uploaded/i4/imgextra/i4/117422000/TB2Y.HZnoOWBKNjSZKzXXXfWFXa_!!0-saturn_solar.jpg_360x360Q90.jpg_.webp,"¥
36.90",1164,Planters美国绅士坚果越南腰果233g原装进口零食蜂蜜腰果罐装,planters绅士旗舰店,广东 中山
0,//g-search1.alicdn.com/img/bao/uploaded/i4/imgextra/i3/51708228/TB2PELGDHuWBuNjSszgXXb8jVXa_!!0-saturn_solar.jpg_360x360Q90.jpg_.webp,"¥
19.80",368,纤宜无糖醇无油添加咖啡蔓越莓脆饼干粗粮健身饱腹代餐低脂零食品,bianbianyu2812,上海
0,//g-search1.alicdn.com/img/bao/uploaded/i4/i2/3972926482/TB1JM9fDDJYBeNjy1zeXXahzVXa_!!0-item_pic.jpg_360x360Q90.jpg_.webp,"¥
38.00",31,"麦大大烧卖儿童早饭早餐
美食
速冻干蒸蛋黄糯米烧麦营养健康点心",麦大大美食,浙江 温州
0,//g-search2.alicdn.com/img/bao/uploaded/i4/i4/2974792718/TB24LxNorYI8KJjy0FaXXbAiVXa_!!2974792718.jpg_360x360Q90.jpg_.webp,"¥
18.80",929,"【买1送1】红糖肚脐饼双炉饼年货
美食
潮汕特产传统糕点拍一发40个",麦吉零食,广东 潮州
0,//g-search2.alicdn.com/img/bao/uploaded/i4/i4/2913195147/TB2Fv9UeQ9WBuNjSspeXXaz5VXa_!!2913195147.jpg_360x360Q90.jpg_.webp,"¥
16.80",394,"千丝肉松饼整箱特产早餐糕点心小吃好吃的网红零食品散装
美食
批发",千丝食品,福建 泉州
0,//g-search1.alicdn.com/img/bao/uploaded/i4/i2/3229836089/TB2bs_RsVmWBuNjSspdXXbugXXa_!!3229836089.jpg_360x360Q90.jpg_.webp,"¥
25.90",312,"安徽黄山特产手工花生酥糖黑芝麻薄花生片花生250g*4袋装怀旧
美食",鑫永芳食品,安徽 黄山
0,//g-search1.alicdn.com/img/bao/uploaded/i4/i3/2830512086/O1CN011RHQdrfwbcRKdLa_!!2830512086.jpg_360x360Q90.jpg_.webp,"¥
29.90",2885,"德辉红糖酥饼梅干菜肉金华网红零食小吃浙江特产
美食
黄山烧饼",德辉酥饼1925,浙江 衢州
0,//g-search3.alicdn.com/img/bao/uploaded/i4/i4/2363417602/TB20r1AvpGWBuNjy0FbXXb4sXXa_!!2363417602-0-item_pic.jpg_360x360Q90.jpg_.webp,"¥
34.90",354,"永祥和闻喜煮饼418g*2 山西特产传统
美食
休闲零食品糕点心包邮",永祥和旗舰店,山西 运城
0,//g-search3.alicdn.com/img/bao/uploaded/i4/i4/1098490366/TB1xVr9iwDD8KJjy0FdXXcjvXXa_!!0-item_pic.jpg_360x360Q90.jpg_.webp,"¥
36.80",73,"胡先生鲜花饼云南特产玫瑰花饼1000g丽江鲜花饼糕点小吃零食
美食",昆明大蓄食品专营店,云南 昆明
0,//g-search3.alicdn.com/img/bao/uploaded/i4/i4/2077316270/TB2deUMgVOWBuNjy0FiXXXFxVXa_!!2077316270.jpg_360x360Q90.jpg_.webp,"¥
36.90",312,"知味观蛋黄酥 手工台湾风味甜食 好吃的
美食
特产吃货零食2口味2盒",杭州知味观,浙江 杭州
0,//g-search1.alicdn.com/img/bao/uploaded/i4/i4/490724010/TB2vy44mDJYBeNjy1zeXXahzVXa_!!490724010.jpg_360x360Q90.jpg_.webp,"¥
20.00",12,"扬州特产
美食
老杨药膳酥 酥糖点心 糕点纯手工 东关街热卖 包邮",tb822108,江苏 扬州
0,//g-search3.alicdn.com/img/bao/uploaded/i4/i2/871334157/TB2Z9x0zf5TBuNjSspmXXaDRVXa_!!871334157.jpg_360x360Q90.jpg_.webp,"¥
26.80",1145,"【古早】红豆饼馅饼 厦门特产零食小吃
美食
台湾风味点心休闲糕点",tb712438_44,福建 漳州
0,//g-search3.alicdn.com/img/bao/uploaded/i4/i1/279348088/TB2Pta1lBTH8KJjy0FiXXcRsXXa_!!279348088.jpg_360x360Q90.jpg_.webp,"¥
35.00",301,"发糕5个装红糖糯米糕黑米发糕红枣糕南瓜糕
美食
传统糕点",yxx7688621,浙江 丽水
0,//g-search3.alicdn.com/img/bao/uploaded/i4/i4/385174287/T2f50WXudaXXXXXXXX_!!385174287.jpg_360x360Q90.jpg_.webp,"¥
129.00",31,"台灣奇美凤梨酥12入 台湾凤梨酥进口特产
美食
伴手礼盒 现货包邮",凝雨朵朵,台湾 台北
0,//g-search2.alicdn.com/img/bao/uploaded/i4/i4/2895802402/TB2sVh.e0HO8KJjSZFLXXaTqVXa_!!2895802402.jpg_360x360Q90.jpg_.webp,"¥
64.00",91,"稻香村糕点礼盒点心零食礼盒北京特产大礼包
美食
京八件传统点心礼",稻香村品牌店,北京
0,//g.alicdn.com/s.gif,"¥
24.80",2289,"辉煌龙须酥 四川特产
美食
成都特色小吃早餐零食糕点好吃的龙须糖",辉煌食品旗舰店,四川 成都
0,//g.alicdn.com/s.gif,"¥
48.00",87,"陕拾叁秦酥+试吃装组合 陕西安
美食
回民街特产清真糕点 包邮套餐",陕拾叁旗舰店,陕西 西安
0,//g.alicdn.com/s.gif,"¥
19.90",743,"北京特产御食园豌豆黄豌豆糕470g糕点心传统
美食
小吃零食特产",御食园北京专卖店,北京
0,//g.alicdn.com/s.gif,"¥
79.60",217,"友臣肉松饼办公室零食特产早餐整箱小吃糕点1250g*2箱
美食",友臣旗舰店,福建 泉州
0,//g.alicdn.com/s.gif,"¥
15.90",519,"芝麻官中秋糕点散装多口味老式传统芝麻饼四川特产舌尖
美食
520g",芝麻官旗舰店,重庆
0,//g.alicdn.com/s.gif,"¥
35.00",102,"正宗越南进口
美食
越婆婆榴莲饼榴梿肉多1800克 6袋特价",桂之味2171130364,广西 南宁
0,//g.alicdn.com/s.gif,"¥
42.80",2519,"轩妈家蛋黄酥芝士冰沙味55g*6枚 雪媚娘夹心馅
美食
糕点早餐零食",轩妈食品旗舰店,广西 南宁
0,//g.alicdn.com/s.gif,"¥
45.00",102,"【三味酥屋旗舰店_红豆奶酪酥饼】鼓浪屿特产
美食
好吃的休闲食",三味酥屋旗舰店,福建 厦门
0,//g.alicdn.com/s.gif,"¥
159.00",32,"广西桂林桂花糕
美食
特产舌尖小零食花生糖花生酥零食大礼包2172g",金顺昌旗舰店,广西 桂林
0,//g.alicdn.com/s.gif,"¥
29.90",464,"蛋黄酥紫薯味50g*20枚装海鸭蛋手工传统糕点网红小吃
美食
早餐零食",口福enjoy,福建 漳州
0,//g.alicdn.com/s.gif,"¥
38.00",86,"ins网红零食手工好吃的孕妇低脂散装小食品抹茶雪花酥
美食
小吃",a君真的好爱你,广东 佛山
0,//g.alicdn.com/s.gif,"¥
108.00",27,"6个顺丰包邮嵌糕夹糕浙江温岭特产
美食
元家屯一份夹糕6种味道起",zx域衅,浙江 台州
0,//g.alicdn.com/s.gif,"¥
138.00",29,"四川火锅店小吃 何老幺红糖脆皮糍粑整箱20袋 糯米
美食
手工糕点",张梅19850804,四川 成都
0,//g.alicdn.com/s.gif,"¥
17.80",1068,"浙江特产金华酥饼零食小吃
美食
休闲食品糕点梅干菜扣肉饼黄山烧饼",西倍食品专营店,浙江 金华
0,//g.alicdn.com/s.gif,"¥
34.90",90,"德辉酥饼600g金华梅干菜肉小酥饼一口酥黄山烧饼
美食
浙江特产糕点",德辉浙江专卖店,浙江 衢州
0,//g.alicdn.com/s.gif,"¥
28.80",2245,"嘉华鲜花饼旗舰店云南特产紫薯玫瑰饼休闲早餐
美食
手工传统糕点心",嘉华食品旗舰店,云南 昆明
0,//g-search2.alicdn.com/img/bao/uploaded/i4/i1/4033124520/TB2y1fBJH1YBuNjSszeXXablFXa_!!4033124520-0-item_pic.jpg_360x360Q90.jpg_.webp,"¥
39.90",2370,"喜莲娜蛋黄酥6枚原味雪媚娘网红传统手工糕点
美食
海鸭蛋蛋黄",喜莲娜旗舰店,广西 柳州
0,//g-search1.alicdn.com/img/bao/uploaded/i4/i4/217054865/TB24lmYIaSWBuNjSsrbXXa0mVXa_!!217054865.jpg_360x360Q90.jpg_.webp,"¥
48.00",683,"三味酥屋凤梨酥 好吃的
美食
厦门鼓浪屿特产黑凤梨酥零食糕点点心",梓琪瑶,福建 厦门
0,//g-search3.alicdn.com/img/bao/uploaded/i4/i1/911772588/TB2FcrHAv9TBuNjy0FcXXbeiFXa_!!911772588-0-item_pic.jpg_360x360Q90.jpg_.webp,"¥
28.80",3000,"鲜花饼嘉华酸奶优格礼袋鲜花饼云南特产休闲
美食
传统糕点点心零食",嘉华食品旗舰店,云南 昆明
0,//g-search2.alicdn.com/img/bao/uploaded/i4/i2/1576586693/TB2qu3kiyCYBuNkSnaVXXcMsVXa_!!1576586693.jpg_360x360Q90.jpg_.webp,"¥
35.00",81,"南京特产仁尔斋花生酥糖果糕点办公零食点心
美食
258*2袋多省包邮",特色代购,江苏 南京
0,//g-search3.alicdn.com/img/bao/uploaded/i4/i2/TB1jD1BJXXXXXXGaXXXXXXXXXXX_!!0-item_pic.jpg_360x360Q90.jpg_.webp,"¥
21.99",317,"鼓浪屿馅饼厦门特产日光岩馅饼6盒礼盒伴手礼绿豆饼
美食
零食包邮",津涎洪食品专营店,福建 厦门
0,//g-search3.alicdn.com/img/bao/uploaded/i4/i1/4033691250/TB25zmRFmtYBeNjSspaXXaOOFXa_!!4033691250-0-item_pic.jpg_360x360Q90.jpg_.webp,"¥
16.90",151,"好莉莎新 牛扎奶芙牛轧糖松软沙琪玛200g
美食
雪花酥泡芙零食糕点",好莉莎新旗舰店,安徽 铜陵
0,//g-search1.alicdn.com/img/bao/uploaded/i4/i1/2412298267/TB27DquJ49YBuNjy0FfXXXIsVXa_!!2412298267.jpg_360x360Q90.jpg_.webp,"¥
50.00",172,"花香随云南特产
美食
小吃鲜花饼玫瑰饼零食大礼包送礼1500g礼盒",花香随鲜花饼店,云南 昆明
0,//g-search1.alicdn.com/img/bao/uploaded/i4/i4/2455221099/TB21gKJqNuTBuNkHFNRXXc9qpXa_!!2455221099-0-item_pic.jpg_360x360Q90.jpg_.webp,"¥
39.80",1262,"好利来玫瑰蛋黄酥糕点点心零食小吃
美食",好利来官方旗舰店,北京
0,//g-search3.alicdn.com/img/bao/uploaded/i4/i3/884012584/O1CN011UxVsmVcPabBRr1_!!884012584.jpg_360x360Q90.jpg_.webp,"¥
59.90",387,"盼盼肉松饼整箱 福建特产早餐糕点小吃面包
美食
零食食品批发2100g",盼盼食品官方旗舰店,河南 漯河
0,//g-search3.alicdn.com/img/bao/uploaded/i4/i4/2452287770/TB2d3Nva56guuRkSnb4XXbu4XXa_!!2452287770-0-item_pic.jpg_360x360Q90.jpg_.webp,"¥
18.90",741,"四川特产锦城记三大炮 成都名小吃糍粑即食
美食
手工礼盒礼品零食",紫藤小镇食品专营店,四川 成都
0,//g-search3.alicdn.com/img/bao/uploaded/i4/i4/2096852507/TB1ykdTn_mWBKNjSZFBXXXxUFXa_!!0-item_pic.jpg_360x360Q90.jpg_.webp,"¥
32.60",159,"友臣肉松饼2.5斤整箱早餐食品传统糕点面包福建特产
美食
零食小吃",三多食品专营店,广东 广州
0,//g-search1.alicdn.com/img/bao/uploaded/i4/i4/2891702599/TB2XPuznljTBKNjSZFNXXasFXXa_!!2891702599-0-item_pic.jpg_360x360Q90.jpg_.webp,"¥
188.00",25,"老杭邦礼盒【西湖桂语】特色豪华铁盒杭州特产糕点
美食
零食礼盒装",老杭邦旗舰店,浙江 杭州
0,//g-search1.alicdn.com/img/bao/uploaded/i4/imgextra/i3/17701278/TB2FhFcmRsmBKNjSZFsXXaXSVXa_!!0-saturn_solar.jpg_360x360Q90.jpg_.webp,"¥
58.00",18,"80食堂酸辣粉冲泡型网红薯丝方便面速
美食
懒人宵夜整箱160g*6桶",elaine静花解语,上海
0,//g-search1.alicdn.com/img/bao/uploaded/i4/imgextra/i1/41289079/TB2vIq_ubSYBuNjSspiXXXNzpXa_!!0-saturn_solar.jpg_360x360Q90.jpg_.webp,"¥
36.80",47,深圳特产深港人家沙井生蚝酥300克广东送礼盒装手信零食品包邮,憨巴巴零食,广东 深圳
0,//g-search1.alicdn.com/img/bao/uploaded/i4/imgextra/i4/30764448/TB23eocbZUrBKNjSZPxXXX00pXa_!!0-saturn_solar.jpg_360x360Q90.jpg_.webp,"¥
19.00",9,绍兴新昌嵊州特产春江香糟鸡食品土鸡肉熟食即食下酒小菜冷盘菜,吕槐胆,浙江 绍兴
0,//g-search2.alicdn.com/img/bao/uploaded/i4/i1/770957789/TB2tjktqVXXXXchXpXXXXXXXXXX_!!770957789.jpg_360x360Q90.jpg_.webp,"¥
56.80",60,"新疆特产正宗芝麻奶子馕饼奶香真空包装清真
美食
烤囊早餐零食包邮",琴love威,新疆 乌鲁木齐
0,//g-search2.alicdn.com/img/bao/uploaded/i4/i2/TB1i4CFJpXXXXahXFXXXXXXXXXX_!!0-item_pic.jpg_360x360Q90.jpg_.webp,"¥
22.80",98,"开化汽糕浙江衢州特产焙糕发糕气糕特色小吃现做糕点
美食
真空包装",浙江开化特产,浙江 衢州
0,//g-search3.alicdn.com/img/bao/uploaded/i4/i2/3170181788/TB29A8pIkyWBuNjy0FpXXassXXa_!!3170181788.jpg_360x360Q90.jpg_.webp,"¥
16.80",152,"令仪口水小麻花烧烤牛排味儿时怀旧传统
美食
小吃茶点独立网红零食",优品二店,江苏 苏州
0,//g-search3.alicdn.com/img/bao/uploaded/i4/i3/2819783848/TB24FfUAN9YBuNjy0FfXXXIsVXa_!!2819783848-0-item_pic.jpg_360x360Q90.jpg_.webp,"¥
49.90",234,"南京特产金陵
美食
夫子庙小吃 6盒大礼包 送礼品袋",仁尔斋食品旗舰店,江苏 南京
0,//g-search1.alicdn.com/img/bao/uploaded/i4/i1/847621211/TB2JDsGcTTI8KJjSsphXXcFppXa_!!847621211.jpg_360x360Q90.jpg_.webp,"¥
78.00",47,"无锡
美食
小吃 毛华 生煎包 鲜肉现做 鲜肉30只顺丰冰鲜全国天天发",无锡精致美食,江苏 无锡
0,//g-search1.alicdn.com/img/bao/uploaded/i4/i2/2866992431/O1CN011TpRHjggvuY5mdD_!!2866992431.jpg_360x360Q90.jpg_.webp,"¥
36.90",97,"芝麻官江津米花糖400g*3重庆特产小吃
美食
传统糕点花生酥休闲零食",芝麻官代树专卖店,重庆
0,//g-search2.alicdn.com/img/bao/uploaded/i4/i4/121958040/TB20IhPsiOYBuNjSsD4XXbSkFXa_!!121958040.jpg_360x360Q90.jpg_.webp,"¥
39.80",68,"网红
美食
仙豆糕 6口味全家福 西木栗子 虎皮饽饽 国内代购",鱼鱼35,江苏 南京
0,//g-search3.alicdn.com/img/bao/uploaded/i4/i1/1109794048/TB2KMvaADlYBeNjSszcXXbwhFXa_!!1109794048-0-item_pic.jpg_360x360Q90.jpg_.webp,"¥
22.80",386,"广州陶陶居酒家鸡仔饼广东特产零
美食
小吃传统小鸡糕点心小风饼",广州饮食集团旗舰店,广东 广州
0,//g-search1.alicdn.com/img/bao/uploaded/i4/i3/TB1A18zLpXXXXc4XpXXXXXXXXXX_!!0-item_pic.jpg_360x360Q90.jpg_.webp,"¥
33.00",73,"高纤奶酪plus款 原麦山丘 北京
美食
国内代购",毛毛的觅食小铺,北京
0,//g-search1.alicdn.com/img/bao/uploaded/i4/i4/1750913211/TB1bLuHhYwrBKNjSZPcXXXpapXa_!!0-item_pic.jpg_360x360Q90.jpg_.webp,"¥
55.00",34,"花莲阿美麻薯麻糬台湾特产麻糬店主推荐
美食
糕点泡芙巧克力小麻糬",youbao_sc,福建 厦门
0,//g-search1.alicdn.com/img/bao/uploaded/i4/i4/3607812837/TB2DOt0knXYBeNkHFrdXXciuVXa_!!3607812837.jpg_360x360Q90.jpg_.webp,"¥
35.80",34,"牛街清真白记小吃驴打滚500克多种口味北京排队
美食
北京可闪送",琦琦美食代购,北京
0,//g-search3.alicdn.com/img/bao/uploaded/i4/i3/3282604381/TB2lXRdokomBKNjSZFqXXXtqVXa_!!3282604381-0-item_pic.jpg_360x360Q90.jpg_.webp,"¥
52.00",503,"轩妈家凤凰酥10枚/盒 凤黄酥鲜凤梨酥咸鸭蛋糕点点心
美食
早餐零食",轩妈食品旗舰店,广西 南宁
0,//g-search3.alicdn.com/img/bao/uploaded/i4/i2/788206962/TB2CNGsel8kpuFjSspeXXc7IpXa_!!788206962.jpg_360x360Q90.jpg_.webp,"¥
24.00",59,"四川特产三苏龙眼酥500g
美食
小吃办公适合老年人吃的零食品糕点",1134028939三,四川 眉山
0,//g.alicdn.com/s.gif,"¥
40.00",52,"杭州特产糕点利合春绿豆糕
美食
传统糕点心零食红豆板栗紫薯4盒",好码头商城,浙江 杭州
0,//g.alicdn.com/s.gif,"¥
30.90",307,"稻香村拿破仑蛋糕700克休闲零食早餐奶油面包糕点
美食
品整箱包邮",斯凯诺食品专营店,北京
0,//g.alicdn.com/s.gif,"¥
78.00",52,"老北京十三绝大礼包礼盒北京特产糕点心1280g红螺食品
美食
果脯",红螺食品旗舰店,北京
0,//g.alicdn.com/s.gif,"¥
43.00",108,"老杭邦传统酥饼 杭州特色
美食
抹茶酥手工制作糕点绿茶饼零食小吃",老杭邦旗舰店,浙江 杭州
0,//g.alicdn.com/s.gif,"¥
95.00",55,"台湾零
美食
品顺丰2盒包邮马英九荐先麦芋头酥6入95元一盒代购糕点",awjblk88,台湾 台中
0,//g.alicdn.com/s.gif,"¥
24.90",334,"卜珂椰丝球椰蓉球
美食
早餐糕点心好吃的点心休闲零食品批发店小吃",卜珂巧克力旗舰店,江苏 苏州
0,//g.alicdn.com/s.gif,"¥
65.90",56,"陕西特产零食小吃西安 十大怪礼盒伴手礼800g糕点地方特色
美食",绿音集团,陕西 西安
0,//g.alicdn.com/s.gif,"¥
43.00",118,"正宗鲍师傅肉松小贝 蟹黄酥松小贝 肉松蛋糕鲍师傅糕点 南京
美食",沧澜流转,江苏 南京
0,//g.alicdn.com/s.gif,"¥
23.80",218,"广东
美食
特产小吃佛山宏事达 上益蛋奶光酥饼165g*6包传统糕点",泓霖食品专营店,广东 广州
0,//g.alicdn.com/s.gif,"¥
32.80",825,"【古早】香芋头麻薯酥 厦门手工糕点
美食
台湾风味
美食
小吃礼盒装",tb712438_44,福建 漳州
0,//g.alicdn.com/s.gif,"¥
125.00",96,"台湾
美食
【小潘凤黄酥20入】凤梨酥+蛋黄/凤凰酥 糕点点心 包顺丰",冰诺蓝柠,福建 厦门
0,//g.alicdn.com/s.gif,"¥
42.80",2149,"轩妈家蛋黄酥紫薯味55g*6枚 雪媚娘咸鸭蛋黄馅短保糕点
美食
早餐",轩妈食品旗舰店,广西 南宁
0,//g.alicdn.com/s.gif,"¥
18.90",23599,"【三只松鼠_和风麻薯210gx2袋】休闲零食糕点
美食
小吃干吃汤圆",三只松鼠旗舰店,安徽 芜湖
0,//g.alicdn.com/s.gif,"¥
26.90",437,"【百草味-绿豆糕168gx2盒】蔓越莓糕点心零食小吃特产
美食
礼",百草味旗舰店,浙江 杭州
0,//g.alicdn.com/s.gif,"¥
28.80",209,"四川特产宜宾凉糕 夏日解暑
美食
6盒装全国包邮",火号掌柜的,四川 成都
0,//g.alicdn.com/s.gif,"¥
26.90",130,"荣欣堂太谷饼400g*5袋山西特产
美食
太古饼传统糕点点心早餐饼",锦晟轩食品专营店,山西 晋中
0,//g-search3.alicdn.com/img/bao/uploaded/i4/i4/681185851/TB1jGkJiwZC2uNjSZFnXXaxZpXa_!!0-item_pic.jpg_360x360Q90.jpg_.webp,"¥
79.80",162,"轩妈家蛋黄酥55g*6枚2盒手工传统糕点
美食
早餐零食小吃雪媚娘麻薯",猫诚旗舰店,广西 南宁
0,//g-search1.alicdn.com/img/bao/uploaded/i4/i4/34545272/TB2JRaQGaSWBuNjSsrbXXa0mVXa_!!34545272.jpg_360x360Q90.jpg_.webp,"¥
33.90",110,"来伊份松仁核桃糕500g正品软糖原味传统糕点点心休闲
美食
来一份",金萧88,上海
0,//g-search2.alicdn.com/img/bao/uploaded/i4/i1/1993999192/TB2BOOZJeGSBuNjSspbXXciipXa_!!1993999192-0-item_pic.jpg_360x360Q90.jpg_.webp,"¥
21.90",209,"稻香村芝麻瓦片500g传统糕点点心饼干香脆休闲零食品
美食
特产小吃",欣丰源食品专营店,北京
0,//g-search3.alicdn.com/img/bao/uploaded/i4/i1/2089088716/TB2SbEVagL8F1JjSszgXXarfpXa_!!2089088716.jpg_360x360Q90.jpg_.webp,"¥
39.00",35,"桑葚糕核桃切糕桑椹膏营养食品休闲零食特色小吃养生
美食
手工茶点",义乌市中医诊所,浙江 金华
0,//g-search3.alicdn.com/img/bao/uploaded/i4/i3/2891702599/TB105ubeyMnBKNjSZFCXXX0KFXa_!!0-item_pic.jpg_360x360Q90.jpg_.webp,"¥
48.00",39,"老杭邦江南茶食糕点墨条酥 杭州特色
美食
点心零食小吃旅游伴手礼",老杭邦旗舰店,浙江 杭州
0,//g-search1.alicdn.com/img/bao/uploaded/i4/i4/25439828/TB240a5yTlYBeNjSszcXXbwhFXa_!!25439828.jpg_360x360Q90.jpg_.webp,"¥
16.90",50,"千丝肉松饼面包早餐整箱
美食
蛋糕点心酥饼干零食特产小吃散装批发",蔡蕙玲,福建 泉州
0,//g-search2.alicdn.com/img/bao/uploaded/i4/i1/228615082/TB2q0q4H1uSBuNjSsplXXbe8pXa_!!228615082-0-item_pic.jpg_360x360Q90.jpg_.webp,"¥
19.90",1613,"御食园北京茯苓饼糕老特产休闲零食传统果味好吃伏苓夹饼小吃
美食",御食园食品旗舰店,北京
0,//g-search1.alicdn.com/img/bao/uploaded/i4/i2/871334157/TB2zfL8znJYBeNjy1zeXXahzVXa_!!871334157.jpg_360x360Q90.jpg_.webp,"¥
29.80",75,"古早 抹茶红豆麻薯Q饼 厦门手工糕点
美食
台湾风味小吃零食馅饼",tb712438_44,福建 漳州
0,//g-search3.alicdn.com/img/bao/uploaded/i4/i3/1756933560/TB21Hdeci6guuRjy0FmXXa0DXXa_!!1756933560-0-item_pic.jpg_360x360Q90.jpg_.webp,"¥
9.90",2333,"ABD榴莲饼300g零食榴莲酥休闲食品小吃
美食
饼干点心榴莲酥包邮",亨如食品专营店,上海
0,//g-search3.alicdn.com/img/bao/uploaded/i4/i2/1750913211/TB1kJqhwYSYBuNjSspiXXXNzpXa_!!0-item_pic.jpg_360x360Q90.jpg_.webp,"¥
45.00",55,"台湾曾记麻薯花莲
美食
特产综合小麻薯黑糖紫米糕点心全素食现货",youbao_sc,福建 厦门
0,//g-search3.alicdn.com/img/bao/uploaded/i4/i3/2103240887/TB28mvlseySBuNjy1zdXXXPxFXa_!!2103240887-0-item_pic.jpg_360x360Q90.jpg_.webp,"¥
17.90",420,"友臣肉松饼整箱1000g装 特产早餐糕点小吃面包
美食
零食品批发包邮",广臣食品专营店,广东 汕头
0,//g-search2.alicdn.com/img/bao/uploaded/i4/i2/TB1z8UcKFXXXXXiXXXXXXXXXXXX_!!0-item_pic.jpg_360x360Q90.jpg_.webp,"¥
32.00",15,"再新酥饼 香酥入口传统
美食
美味酥饼 整箱5斤 江浙沪皖",皇家小麦兜,浙江 嘉兴
0,//g-search1.alicdn.com/img/bao/uploaded/i4/imgextra/i1/134007731/TB2FBcQldcnBKNjSZR0XXcFqFXa_!!0-saturn_solar.jpg_360x360Q90.jpg_.webp,"¥
239.00",1,美国进口maunaloa莫纳罗夏威夷果仁6罐礼盒盐焗混合口味坚果零食,好吃客食品专营店,北京
0,//g-search1.alicdn.com/img/bao/uploaded/i4/imgextra/i3/117615515/TB28bSAIr1YBuNjSszhXXcUsFXa_!!0-saturn_solar.jpg_360x360Q90.jpg_.webp,"¥
299.00",10,绿潮水果含片儿童零食果片海南特产休闲食品香口糖果20g*30瓶组合,绿潮食品旗舰店,海南 海口
0,//g-search1.alicdn.com/img/bao/uploaded/i4/imgextra/i3/33364700/TB2_K_Jvb5YBuNjSspoXXbeNFXa_!!0-saturn_solar.jpg_360x360Q90.jpg_.webp,"¥
19.00",1,新昌嵊州春江年货食品香糟鸡肉类食品下酒菜下饭菜特产小吃土鸡肉,小月天香,浙江 绍兴
0,//g-search3.alicdn.com/img/bao/uploaded/i4/i4/1628692096/TB2P6ABXyERMeJjSspjXXcpOXXa_!!1628692096.jpg_360x360Q90.jpg_.webp,"¥
80.00",38,"台湾陈允宝泉小太阳饼10入礼盒组 特产糕点休闲零食
美食",方逸羚,福建 厦门
0,//g-search2.alicdn.com/img/bao/uploaded/i4/i4/815924539/TB2G3hJnpOWBuNjy0FiXXXFxVXa_!!815924539-0-item_pic.jpg_360x360Q90.jpg_.webp,"¥
16.90",655,"湖北特产孝感麻糖500g传统手工糕点茶点黑白芝麻糖片
美食
零食小吃",楚味堂食品专营店,湖北 武汉
0,//g-search2.alicdn.com/img/bao/uploaded/i4/i1/3171422035/TB21scXv9BYBeNjy0FeXXbnmFXa_!!3171422035-0-item_pic.jpg_360x360Q90.jpg_.webp,"¥
36.90",22,"【伊乃人家网红雪花酥牛扎酥268g盒】手工
美食
糕点荷花酥坚果零食",伊乃人家旗舰店,上海
0,//g-search3.alicdn.com/img/bao/uploaded/i4/i1/1719214398/TB1eEdNlH_I8KJjy1XaXXbsxpXa_!!0-item_pic.jpg_360x360Q90.jpg_.webp,"¥
89.00",53,"沈大成糕点桂花拉糕3盒组合 上海特产传统糯米糕点心 网红
美食",沈大成旗舰店,上海
0,//g-search3.alicdn.com/img/bao/uploaded/i4/i1/1118816903/TB205ixgIjI8KJjSsppXXXbyVXa_!!1118816903.jpg_360x360Q90.jpg_.webp,"¥
25.60",18,"乐滋口水小麻花500g*2袋传统
美食
特产小吃茶点零食芝麻蜂蜜味包邮",我是吃货2013,江苏 苏州
0,//g-search3.alicdn.com/img/bao/uploaded/i4/i4/1687246706/TB21.edqCBjpuFjy1XdXXaooVXa_!!1687246706.jpg_360x360Q90.jpg_.webp,"¥
48.80",159,"澳门特产钜记饼家 紫菜肉松凤凰卷 澳门传统
美食
糕点进口手信送礼",qq83393468,澳门 澳门半岛
0,//g-search2.alicdn.com/img/bao/uploaded/i4/i4/3793887350/TB2vt3YBsuYBuNkSmRyXXcA3pXa_!!3793887350-0-item_pic.jpg_360x360Q90.jpg_.webp,"¥
26.80",188,"其妙凤梨酥整箱800g厦门特产网红零食吃的
美食
休闲食品小吃成人款",星座食品专营店,福建 厦门
0,//g-search3.alicdn.com/img/bao/uploaded/i4/i2/3319843912/TB2skR2nOCYBuNkSnaVXXcMsVXa_!!3319843912.jpg_360x360Q90.jpg_.webp,"¥
68.00",21,"北京
美食
鼓楼栗记麦香坊紫薯流心芝士仙豆糕6块装 北京闪送",蛋挞妈妈北京美食代购,北京
0,//g-search2.alicdn.com/img/bao/uploaded/i4/i4/2620270149/TB2Iaujg7SWBuNjSszdXXbeSpXa_!!2620270149.jpg_360x360Q90.jpg_.webp,"¥
65.00",49,"农家豇豆饼网红
美食
常州聚德圆早餐饼酒店新食材30片顺丰包邮",格润佳选,江苏 常州
0,//g-search3.alicdn.com/img/bao/uploaded/i4/i3/3348059533/TB2GPGqGN9YBuNjy0FfXXXIsVXa_!!3348059533-0-item_pic.jpg_360x360Q90.jpg_.webp,"¥
18.90",1769,"成都特产核桃糕好吃的
美食
古代糕点心网红小吃零食休闲食品成人款",锦城记旗舰店,四川 成都
0,//g-search3.alicdn.com/img/bao/uploaded/i4/i1/2651616936/TB2wYd0niOYBuNjSsD4XXbSkFXa_!!2651616936.jpg_360x360Q90.jpg_.webp,"¥
45.00",216,"龙须糖杭州特产龙须酥糖正宗老式手工
美食
甜点传统糕点心零食小吃",皇妃特制,浙江 杭州
0,//g-search3.alicdn.com/img/bao/uploaded/i4/i3/398125928/TB2Rn5WyrBmpuFjSZFAXXaQ0pXa_!!398125928.jpg_360x360Q90.jpg_.webp,"¥
15.80",1431,"花生酥糖正宗唐山特产好吃的零食特色糕点舌尖
美食
北京网红小吃",一杯水的坚强,河北 唐山
0,//g-search2.alicdn.com/img/bao/uploaded/i4/i4/457145656/TB205AfreySBuNjy1zdXXXPxFXa_!!457145656.jpg_360x360Q90.jpg_.webp,"¥
188.00",31,"零食大礼包组合整箱超大混装好吃的休闲食品
美食
广东珠海澳门特产",澳门特产批发城,广东 珠海
0,//g.alicdn.com/s.gif,"¥
65.80",43,"【2袋装】两口子肉松饼480g*2
美食
即食特产糕点 早餐零食点心",天猫超市,上海
0,//g.alicdn.com/s.gif,"¥
17.90",29244,"【良品铺子牛扎奶芙120gx2】雪花酥网红零食小吃
美食
牛轧糖沙琪玛",良品铺子旗舰店,湖北 武汉
0,//g.alicdn.com/s.gif,"¥
17.00",908,"友臣肉松棒肉松饼500g原味散装肉松条糕点早餐零食品福建特产
美食",三多食品专营店,广东 广州
0,//g.alicdn.com/s.gif,"¥
19.80",334,"1件【5斤】包邮 传统糕点蜜三刀 特产小吃
美食
油果甜点心休闲零食",山娃娃土特产店,山东 泰安
0,//g.alicdn.com/s.gif,"¥
85.00",14,"台湾直发顺丰两盒包邮佳德原味凤梨酥6入糕点零
美食
特产礼盒",awjblk88,台湾 台中
0,//g.alicdn.com/s.gif,"¥
62.00",99,"65克*10袋 中华老字号山东特产正宗周村烧饼促销包邮
美食
甜点礼品",兵荒马乱56435633,山东 淄博
0,//g.alicdn.com/s.gif,"¥
18.80",48,"千层酥糕点 河北唐山特产 酥饼传统糕点心小吃北京
美食
真空包装",高欣我爱你,河北 唐山
0,//g.alicdn.com/s.gif,"¥
48.00",6,"北京
美食
爸爸糖手工招牌原味吐司无添加面包营养早餐网红吐司切片",蛋挞妈妈北京美食代购,北京
0,//g.alicdn.com/s.gif,"¥
36.90",135,"成都特产核桃糕
美食
宫廷切糕好吃的网红小吃零食休闲食品成人款",锦城记旗舰店,四川 成都
0,//g.alicdn.com/s.gif,"¥
15.80",2501,"千丝绿豆饼整箱500g*2酥饼早餐小吃糕点心散装
美食
网红零食品批发",海誉腾食品专营店,福建 泉州
0,//g.alicdn.com/s.gif,"¥
9.90",1490,"麻薯干吃汤圆糯米糍散装混合口味
美食
小吃的休闲食品成人款整箱",食芬爽网购商城,重庆
0,//g.alicdn.com/s.gif,"¥
118.00",30,"广州陶陶居手信礼盒正宗广东特产小吃零食传统特色
美食
品糕点点心",六月行者,广东 广州
0,//g.alicdn.com/s.gif,"¥
73.80",16,"苏式点心礼盒 送人南京特产南京记忆
美食
夫子庙地方特色礼盒24枚",zww145200,江苏 淮安
0,//g.alicdn.com/s.gif,"¥
93.00",205,"老杭邦杭州茶食实惠套装 杭州特产
美食
龙井茶酥+桂花高+酥饼各1盒",老杭邦旗舰店,浙江 杭州
0,//g.alicdn.com/s.gif,"¥
24.90",188,"陕西特产 西安回民街小麻花多口味西安
美食
小零食麻花 2袋包邮",关中冷娃时代骄子专卖店,陕西 咸阳
0,//g.alicdn.com/s.gif,"¥
29.90",515,"北京特产 御食园传统茯苓夹饼480g 茯苓饼糕点 特色
美食
点心食品",御食园食品旗舰店,北京
0,//g-search2.alicdn.com/img/bao/uploaded/i4/i3/878254633/TB2xECllQSWBuNjSszdXXbeSpXa_!!878254633.jpg_360x360Q90.jpg_.webp,"¥
41.90",346,"孕妇零食 黑芝麻饼 核桃酥
美食
小吃休闲食品成人款好吃的手工特产",返农归真,山东 临沂
0,//g-search2.alicdn.com/img/bao/uploaded/i4/i2/2832127899/TB2SjLszmtYBeNjSspaXXaOOFXa_!!2832127899.jpg_360x360Q90.jpg_.webp,"¥
35.00",336,"一封情酥手工凤梨酥厦门特产馅饼新鲜糕点小吃
美食
零食品伴手礼盒",壹封情酥,福建 厦门
0,//g-search1.alicdn.com/img/bao/uploaded/i4/i3/1756627151/TB2QLZmoH1YBuNjSszeXXablFXa_!!1756627151-0-item_pic.jpg_360x360Q90.jpg_.webp,"¥
19.00",129,"鸭游记蛋黄酥 一整颗海鸭蛋黄新鲜红豆沙手工传统糕点网红
美食",黄记玥亮食品旗舰店,广西 北海
0,//g-search1.alicdn.com/img/bao/uploaded/i4/i2/2704313969/TB2nJLuD29TBuNjy1zbXXXpepXa_!!2704313969-0-item_pic.jpg_360x360Q90.jpg_.webp,"¥
35.00",142,"我是花吃经典鲜花饼云南特产玫瑰花饼酥传统糕点
美食
休闲零食礼盒",我是花吃旗舰店,云南 昆明
0,//g-search1.alicdn.com/img/bao/uploaded/i4/i3/3341198201/TB2Q9w0j0cnBKNjSZR0XXcFqFXa_!!3341198201.jpg_360x360Q90.jpg_.webp,"¥
56.00",55,"嘉华鲜花饼多口味组合大地芳藏礼盒云南特产零食小吃
美食
早餐糕点",嘉华鲜花饼企业店,云南 昆明
0,//g-search2.alicdn.com/img/bao/uploaded/i4/i4/828000389/TB2VGlZuXXXXXcVXXXXXXXXXXXX_!!828000389.jpg_360x360Q90.jpg_.webp,"¥
20.00",821,"南京千里酥 爆浆肉松卷 肉松沙拉卷 肉松蛋糕 肉松小贝 南京
美食",沧澜流转,江苏 南京
0,//g-search3.alicdn.com/img/bao/uploaded/i4/i2/101431812/TB255AVrVXXXXaxXpXXXXXXXXXX_!!101431812.jpg_360x360Q90.jpg_.webp,"¥
39.80",87,"1斤包邮云南丽江特产心意牧场500g海苔味青稞饺子风味
美食",aneglane,云南 丽江
0,//g-search3.alicdn.com/img/bao/uploaded/i4/i3/3300766192/TB2BiaRlrsrBKNjSZFpXXcXhFXa_!!3300766192-0-item_pic.jpg_360x360Q90.jpg_.webp,"¥
24.80",394,"其妙凤梨酥800g厦门特产台湾风味网红小吃
美食
好吃的糕点心零食品",其妙旗舰店,福建 厦门
0,//g-search1.alicdn.com/img/bao/uploaded/i4/i1/3585171451/TB2VQFDG7yWBuNjy0FpXXassXXa_!!3585171451-0-item_pic.jpg_360x360Q90.jpg_.webp,"¥
45.00",189,"黄远堂旗舰店太阳饼流心厦门鼓浪屿休闲
美食
传统糕点零食",黄远堂旗舰店,福建 厦门
0,//g-search3.alicdn.com/img/bao/uploaded/i4/i1/475325704/TB2kAf3XcXIxuRkSR1hXXc.cVXa_!!475325704-0-item_pic.jpg_360x360Q90.jpg_.webp,"¥
118.00",31,"知味观绿豆糕两口味6盒
美食
好吃的休闲食品 成人款零食小吃",知味观官方旗舰店,浙江 杭州
0,//g-search3.alicdn.com/img/bao/uploaded/i4/i3/2892355562/TB2JWpkHr1YBuNjSszeXXablFXa_!!2892355562.jpg_360x360Q90.jpg_.webp,"¥
15.80",599,"陕西西安特产小吃手工小麻花零食散装香酥整箱多口味回民街
美食",天人茶一品牌店,陕西 西安
0,//g-search3.alicdn.com/img/bao/uploaded/i4/i2/828000389/TB28gBqXpGWBuNjy0FbXXb4sXXa_!!828000389.jpg_360x360Q90.jpg_.webp,"¥
26.00",147,"南京千里酥 紫薯肉松小贝 肉松卷沙拉卷肉松蛋糕肉松面包南京
美食",沧澜流转,江苏 南京
